subreddit,year_month,avg_sentiment,post_count
AI_Agents,2023-10,0.12081417375889532,109
AI_Agents,2023-11,0.10198020149149575,73
AI_Agents,2023-12,0.06723035832542207,29
AI_Agents,2023-6,0.04476643589506044,113
AI_Agents,2023-7,0.06065597738289587,58
AI_Agents,2023-8,0.06521930417579251,108
AI_Agents,2023-9,0.07110515038149474,55
AI_Agents,2024-1,0.06733300003083016,37
AI_Agents,2024-2,0.07707953606445336,62
AI_Agents,2024-3,0.05304096427742011,130
AI_Agents,2024-4,0.12685588566184497,226
AI_Agents,2024-5,0.08491324152731397,218
AI_Agents,2024-6,0.09123159785911357,278
AI_Agents,2024-7,0.09349274426437938,316
AIethics,2023-11,-0.03984095364447979,3
AIethics,2023-12,0.06876141641725289,3
AIethics,2023-7,0.2222222222222222,1
AIethics,2023-8,0.0,4
AIethics,2024-1,0.0,1
AIethics,2024-2,0.050251890762960605,2
AIethics,2024-3,0.11498144128167397,32
AIethics,2024-6,0.0849730114711931,4
AIethics,2024-7,0.0,1
ArtificialInteligence,2023-10,0.05718507560378485,9131
ArtificialInteligence,2023-11,0.051413126321687486,12046
ArtificialInteligence,2023-12,0.06144947778780768,11840
ArtificialInteligence,2023-6,0.0493606165547427,13335
ArtificialInteligence,2023-7,0.047179065754624605,13676
ArtificialInteligence,2023-8,0.05051257889196179,11537
ArtificialInteligence,2023-9,0.05815038234477596,9995
ArtificialInteligence,2024-1,0.055157441418274125,14571
ArtificialInteligence,2024-2,0.05528836554528706,17232
ArtificialInteligence,2024-3,0.05316567004472927,20808
ArtificialInteligence,2024-4,0.05936311715378579,18157
ArtificialInteligence,2024-5,0.052888269189511804,24708
ArtificialInteligence,2024-6,0.058015551849720334,20735
ArtificialInteligence,2024-7,0.07242556764616005,19022
Astronomy,2023-10,0.05059884384632882,7179
Astronomy,2023-11,0.061829808455596935,7882
Astronomy,2023-12,0.05436840231365743,8419
Astronomy,2023-6,0.058632424448736085,4799
Astronomy,2023-7,0.061517198387717395,5047
Astronomy,2023-8,0.060849252257330885,7197
Astronomy,2023-9,0.05719329074758554,8279
Astronomy,2024-1,0.04819919121678369,8233
Astronomy,2024-2,0.05054875363726928,7271
Astronomy,2024-3,0.05049635914350585,9710
Astronomy,2024-4,0.0525322652364793,15999
Astronomy,2024-5,0.05097163967793247,8925
Astronomy,2024-6,0.04347541119716396,10022
Astronomy,2024-7,0.04181205933404653,12094
ChatGPT,2023-10,0.0410405054646525,126887
ChatGPT,2023-11,0.03638454350302712,159168
ChatGPT,2023-12,0.036659190476338865,128253
ChatGPT,2023-6,0.03692780490080114,139328
ChatGPT,2023-7,0.03486772336743858,148581
ChatGPT,2023-8,0.030711986378004576,139461
ChatGPT,2023-9,0.04016688578084531,90880
ChatGPT,2024-1,0.03667183325473512,136850
ChatGPT,2024-2,0.028856871768611233,137134
ChatGPT,2024-3,0.034130996056299594,147684
ChatGPT,2024-4,0.03399147090612269,128777
ChatGPT,2024-5,0.03349818387013109,135371
ChatGPT,2024-6,0.03488775422245084,126278
ChatGPT,2024-7,0.03797637882164511,96121
ComputerEngineering,2023-10,0.05950595640080525,1069
ComputerEngineering,2023-11,0.05395851253477325,1163
ComputerEngineering,2023-12,0.0605701014590569,1047
ComputerEngineering,2023-6,0.07101496959235679,847
ComputerEngineering,2023-7,0.05932159857408891,989
ComputerEngineering,2023-8,0.06461694820801456,1310
ComputerEngineering,2023-9,0.060758297427949054,1042
ComputerEngineering,2024-1,0.06408115226596622,1098
ComputerEngineering,2024-2,0.07425536867233203,1148
ComputerEngineering,2024-3,0.06646423239371684,1198
ComputerEngineering,2024-4,0.0617672863482405,1427
ComputerEngineering,2024-5,0.079570839161295,1124
ComputerEngineering,2024-6,0.06314112922093534,1669
ComputerEngineering,2024-7,0.05967511191569639,1689
DataScienceMemes,2023-10,0.035355339059327376,10
DataScienceMemes,2023-11,0.0,58
DataScienceMemes,2023-12,0.0,6
DataScienceMemes,2023-6,0.0,6
DataScienceMemes,2023-7,0.10960874884463205,7
DataScienceMemes,2023-8,0.018390312497404786,14
DataScienceMemes,2023-9,0.0,1
DataScienceMemes,2024-1,0.0,6
DataScienceMemes,2024-2,0.0,3
DataScienceMemes,2024-3,0.07071067811865475,5
DataScienceMemes,2024-4,-0.05163977794943222,5
DataScienceMemes,2024-5,0.0,1
DataScienceMemes,2024-6,0.0,7
EarthScience,2023-10,0.014892417939235687,48
EarthScience,2023-11,0.059980142781152775,33
EarthScience,2023-12,0.0436082068242165,78
EarthScience,2023-6,0.03402994182621279,124
EarthScience,2023-7,0.03159408911247131,103
EarthScience,2023-8,0.044965072846655046,120
EarthScience,2023-9,0.04344564481555474,92
EarthScience,2024-1,0.02913081440712365,140
EarthScience,2024-2,0.04410703494391098,106
EarthScience,2024-3,0.08336263224061045,66
EarthScience,2024-4,0.08256163416608596,71
EarthScience,2024-5,0.05259720324039504,74
EarthScience,2024-6,0.050167993272344384,37
EarthScience,2024-7,0.0641415308644294,66
ElectricalEngineering,2023-10,0.04329087432612429,17067
ElectricalEngineering,2023-11,0.041004083469026203,16920
ElectricalEngineering,2023-12,0.044955369286479904,16602
ElectricalEngineering,2023-6,0.04051011045832687,15350
ElectricalEngineering,2023-7,0.04869776820736606,17305
ElectricalEngineering,2023-8,0.04748747370054591,16338
ElectricalEngineering,2023-9,0.046022236936621705,14051
ElectricalEngineering,2024-1,0.04462286546604271,17305
ElectricalEngineering,2024-2,0.04505116635663717,18219
ElectricalEngineering,2024-3,0.042841167747944775,17095
ElectricalEngineering,2024-4,0.0402183634107243,18612
ElectricalEngineering,2024-5,0.041298688240316586,16709
ElectricalEngineering,2024-6,0.04100103328350678,14884
ElectricalEngineering,2024-7,0.04196123563273083,18793
Entrepreneur,2023-10,0.06664621661920281,59501
Entrepreneur,2023-11,0.06420390813520366,49144
Entrepreneur,2023-12,0.0665292455436589,48157
Entrepreneur,2023-6,0.06878862369321187,43407
Entrepreneur,2023-7,0.07244559945803213,48531
Entrepreneur,2023-8,0.07085537741057377,61365
Entrepreneur,2023-9,0.0664346686232001,69785
Entrepreneur,2024-1,0.06779940838768743,55970
Entrepreneur,2024-2,0.06823642009529643,54565
Entrepreneur,2024-3,0.06766103924173106,58003
Entrepreneur,2024-4,0.06823357483021053,62674
Entrepreneur,2024-5,0.06680516604174448,71689
Entrepreneur,2024-6,0.0704562369050042,62185
Entrepreneur,2024-7,0.06766380785863697,60898
EnvironmentalScience,2023-10,0.0,3
EnvironmentalScience,2023-7,0.0,1
EnvironmentalScience,2023-9,0.06312049697522987,3
EnvironmentalScience,2024-3,0.0,1
EnvironmentalScience,2024-4,0.30151134457776363,1
EnvironmentalScience,2024-5,0.0,1
Futurism,2023-10,0.041595375952432914,480
Futurism,2023-11,0.033912557648313794,617
Futurism,2023-12,0.032513396513221264,822
Futurism,2023-6,0.0517692763256718,305
Futurism,2023-7,0.045664732451017785,401
Futurism,2023-8,0.042156073211288864,219
Futurism,2023-9,0.048540093768243905,326
Futurism,2024-1,0.03819422378236285,566
Futurism,2024-2,0.047262298007043124,455
Futurism,2024-3,0.06328170153661174,575
Futurism,2024-4,0.030743029292602905,1144
Futurism,2024-5,0.018170026074670727,1063
Futurism,2024-6,0.045730215041316316,624
Futurism,2024-7,0.02780790317980093,393
Futurology,2023-10,0.03157389396401299,57959
Futurology,2023-11,0.0307981165892221,60092
Futurology,2023-12,0.030421289422598665,65997
Futurology,2023-6,0.03232715744010163,38160
Futurology,2023-7,0.0320698776738096,44449
Futurology,2023-8,0.032237368603282496,41278
Futurology,2023-9,0.03252655668228764,50194
Futurology,2024-1,0.03085217139488121,74727
Futurology,2024-2,0.029202219741561123,73184
Futurology,2024-3,0.028630980818624512,64004
Futurology,2024-4,0.028123463696579008,60247
Futurology,2024-5,0.02971553790098184,65058
Futurology,2024-6,0.027858313322760824,64169
Futurology,2024-7,0.03015423205795202,63096
Innovation,2023-10,0.036153308336936245,448
Innovation,2023-11,0.03533063819111895,451
Innovation,2023-12,0.02829638668264055,426
Innovation,2023-6,0.020347800082441456,188
Innovation,2023-7,0.039417823679426985,215
Innovation,2023-8,0.015325013821871028,186
Innovation,2023-9,0.028650386741372755,444
Innovation,2024-1,0.030475979113092858,466
Innovation,2024-2,0.017916763031043326,399
Innovation,2024-3,0.029236188279435353,600
Innovation,2024-4,0.02964068750053697,597
Innovation,2024-5,0.027576482823769597,543
Innovation,2024-6,0.01917911898394943,307
Innovation,2024-7,0.11246115808773803,99
LLM,2023-10,0.05662926406593708,10
LLM,2023-11,0.03956060303988547,8
LLM,2023-12,-0.02742291297868349,6
LLM,2023-6,-0.10442813010274758,173
LLM,2023-7,-0.027178475305390245,99
LLM,2023-8,0.0924304332041472,17
LLM,2023-9,-0.2417437905522574,12
LLM,2024-1,0.05443010903550813,13
LLM,2024-2,0.15068617719455538,11
LLM,2024-3,0.05085788705730857,17
LLM,2024-4,0.023819273506124283,12
LLM,2024-5,0.12732646077102636,21
LLM,2024-6,-0.01048040408240037,16
LLM,2024-7,0.055736358424554974,10
MLQuestions,2023-10,0.04991190277287912,544
MLQuestions,2023-11,0.07143020455307138,469
MLQuestions,2023-12,0.05297016409077793,548
MLQuestions,2023-6,0.04105772702299642,739
MLQuestions,2023-7,0.0481294109864786,590
MLQuestions,2023-8,0.04894262287716158,618
MLQuestions,2023-9,0.06953289425477471,491
MLQuestions,2024-1,0.07090528551066004,701
MLQuestions,2024-2,0.0499436911066561,747
MLQuestions,2024-3,0.03559532555589069,1211
MLQuestions,2024-4,0.04416316187932229,1227
MLQuestions,2024-5,0.050907933483348045,939
MLQuestions,2024-6,0.04331398207386207,863
MLQuestions,2024-7,0.04702262327269966,1003
MachineLearning,2023-10,0.04016649993527544,11900
MachineLearning,2023-11,0.04031216370411786,12976
MachineLearning,2023-12,0.04268710784253614,13760
MachineLearning,2023-6,0.04102782649302607,5895
MachineLearning,2023-7,0.042090999752069834,9467
MachineLearning,2023-8,0.042628388755072126,11256
MachineLearning,2023-9,0.039742597146659994,12615
MachineLearning,2024-1,0.04420387020758092,16931
MachineLearning,2024-2,0.04117571705652767,15832
MachineLearning,2024-3,0.03999018732639451,15495
MachineLearning,2024-4,0.03988362704102492,16498
MachineLearning,2024-5,0.03946714999666241,12621
MachineLearning,2024-6,0.04208802897793134,11374
MachineLearning,2024-7,0.038603011073549,10491
MaterialsScience,2023-10,0.07053750846977178,120
MaterialsScience,2023-11,0.044588837187515364,222
MaterialsScience,2023-12,0.08009503773345718,106
MaterialsScience,2023-6,0.07653547934509353,143
MaterialsScience,2023-7,0.05150547640860788,165
MaterialsScience,2023-8,0.06392287532873786,143
MaterialsScience,2023-9,0.06862918836798806,116
MaterialsScience,2024-1,0.0635844045216345,135
MaterialsScience,2024-2,0.06787628898274961,212
MaterialsScience,2024-3,0.055318832716852576,207
MaterialsScience,2024-4,0.061947353984168646,241
MaterialsScience,2024-5,0.07325816593114329,332
MaterialsScience,2024-6,0.06490452493148981,241
MaterialsScience,2024-7,0.06031033551781373,267
MechanicalEngineering,2023-10,0.05002295708522218,10907
MechanicalEngineering,2023-11,0.05225192604777143,12200
MechanicalEngineering,2023-12,0.057404034707992976,13692
MechanicalEngineering,2023-6,0.054640872435196046,2357
MechanicalEngineering,2023-7,0.051403398340911934,5991
MechanicalEngineering,2023-8,0.059574325347730196,7714
MechanicalEngineering,2023-9,0.051249364366835984,9207
MechanicalEngineering,2024-1,0.05082339940460285,14583
MechanicalEngineering,2024-2,0.04956447698326577,12765
MechanicalEngineering,2024-3,0.04678429164270867,14753
MechanicalEngineering,2024-4,0.05303950957498527,12346
MechanicalEngineering,2024-5,0.045642187116686106,12138
MechanicalEngineering,2024-6,0.05034516333821337,11609
MechanicalEngineering,2024-7,0.05370458341497824,11937
OpenAI,2023-10,0.04106886149443112,19116
OpenAI,2023-11,0.036214446155527186,47080
OpenAI,2023-12,0.03605741730691435,31441
OpenAI,2023-6,0.03816226927083545,7335
OpenAI,2023-7,0.0429665307281152,2603
OpenAI,2023-8,0.040606453906391705,8034
OpenAI,2023-9,0.047051573802771106,9491
OpenAI,2024-1,0.04150137036020317,24819
OpenAI,2024-2,0.038691097106471554,33864
OpenAI,2024-3,0.040178166942082635,35751
OpenAI,2024-4,0.04168606560359491,25863
OpenAI,2024-5,0.03732280153686618,42710
OpenAI,2024-6,0.039104211983395525,30287
OpenAI,2024-7,0.03863838853124856,18999
Physics,2023-10,0.03860190474440552,16094
Physics,2023-11,0.03960974753920025,16655
Physics,2023-12,0.04315139605628083,14987
Physics,2023-6,0.048039616568175084,3624
Physics,2023-7,0.06560390228855,714
Physics,2023-8,0.04197037061559941,11597
Physics,2023-9,0.04197196323232754,15315
Physics,2024-1,0.03978021552090055,17734
Physics,2024-2,0.040885752461827164,16964
Physics,2024-3,0.040878498822646644,12976
Physics,2024-4,0.03928780029626947,14515
Physics,2024-5,0.041156083789080804,14735
Physics,2024-6,0.03887402378666419,11928
Physics,2024-7,0.04291901167323916,12401
Python,2023-10,0.05526176559631518,11777
Python,2023-11,0.05754560203268163,12921
Python,2023-12,0.053567031446272416,9024
Python,2023-6,0.04703417656109598,5086
Python,2023-7,0.05512152437476032,2610
Python,2023-8,0.054460914565253045,7936
Python,2023-9,0.05336497227274741,10455
Python,2024-1,0.05451904048628973,10187
Python,2024-2,0.0569252275115147,8767
Python,2024-3,0.05754601509526686,7696
Python,2024-4,0.05395659011191801,8014
Python,2024-5,0.060467372105350393,5918
Python,2024-6,0.05520125923086531,7730
Python,2024-7,0.052402162181810444,9159
QuantumComputing,2023-10,0.05623761524419516,751
QuantumComputing,2023-11,0.04377399646732041,834
QuantumComputing,2023-12,0.039511912313546775,987
QuantumComputing,2023-6,0.03763525580006622,446
QuantumComputing,2023-7,0.0467763592154008,905
QuantumComputing,2023-8,0.06284321557246837,804
QuantumComputing,2023-9,0.05731998611585603,671
QuantumComputing,2024-1,0.044505867626269735,1512
QuantumComputing,2024-2,0.058541571777725884,1256
QuantumComputing,2024-3,0.05005768449622837,956
QuantumComputing,2024-4,0.04998869969772419,879
QuantumComputing,2024-5,0.05523073028409174,830
QuantumComputing,2024-6,0.06322261678248349,851
QuantumComputing,2024-7,0.05497738564640651,961
QuantumPhysics,2023-10,0.054065231978523066,758
QuantumPhysics,2023-11,0.04095179886741957,604
QuantumPhysics,2023-12,0.041352680606576396,1160
QuantumPhysics,2023-6,0.04028212837370868,526
QuantumPhysics,2023-7,0.037716922187991074,1041
QuantumPhysics,2023-8,0.04627190364795501,1169
QuantumPhysics,2023-9,0.03705486769500896,982
QuantumPhysics,2024-1,0.047105333083063174,728
QuantumPhysics,2024-2,0.03909479034612209,895
QuantumPhysics,2024-3,0.05027475831341338,690
QuantumPhysics,2024-4,0.03955677588789518,1055
QuantumPhysics,2024-5,0.044993181745600526,1435
QuantumPhysics,2024-6,0.05515318837374469,1302
QuantumPhysics,2024-7,0.05392225213565823,905
TechEntrepreneur,2023-6,0.0,1
TechEntrepreneur,2023-9,0.0,1
TechEntrepreneur,2024-3,-0.09667364890456635,1
bigdata,2023-10,0.0672964055379729,198
bigdata,2023-11,0.07010830870232686,202
bigdata,2023-12,0.049406583793341105,106
bigdata,2023-6,0.06026201479216492,194
bigdata,2023-7,0.05089830996311889,213
bigdata,2023-8,0.05768679407389031,206
bigdata,2023-9,0.06202523163771809,138
bigdata,2024-1,0.04707079627535512,124
bigdata,2024-2,0.07516517019606477,103
bigdata,2024-3,0.05708207504256635,144
bigdata,2024-4,0.06804027663195016,122
bigdata,2024-5,0.04895822291448839,107
bigdata,2024-6,0.07546909242375736,96
bigdata,2024-7,0.05648373576254699,128
coding,2023-10,0.03782007923773097,615
coding,2023-11,0.034223361460162416,668
coding,2023-12,0.03962759106044093,569
coding,2023-6,0.04375065215497827,433
coding,2023-7,0.03905404066095561,650
coding,2023-8,0.04537924008628785,570
coding,2023-9,0.03288043490027421,602
coding,2024-1,0.036426776829202784,921
coding,2024-2,0.04008263116637265,673
coding,2024-3,0.022741485157228975,632
coding,2024-4,0.03450730101260137,824
coding,2024-5,0.03570618322600544,515
coding,2024-6,0.037773327038041836,534
coding,2024-7,0.02628810885282971,781
computerscience,2023-10,0.06112680061472615,62
computerscience,2023-11,0.06043782939392391,77
computerscience,2023-12,0.04749713186309036,2143
computerscience,2023-6,0.04446049775859842,1049
computerscience,2023-7,0.05690077448515145,99
computerscience,2023-8,0.08340735173639051,72
computerscience,2023-9,0.02769031712093805,79
computerscience,2024-1,0.047246161479275545,8137
computerscience,2024-2,0.039574943893756126,7382
computerscience,2024-3,0.029323878810541913,4378
computerscience,2024-4,0.0313383644810995,4280
computerscience,2024-5,0.03377012770152319,3340
computerscience,2024-6,0.02861232564496162,3736
computerscience,2024-7,0.02617546264184737,3077
cscareerquestions,2023-10,0.038175919171125124,67738
cscareerquestions,2023-11,0.03656100442947397,64028
cscareerquestions,2023-12,0.0381204716362915,61110
cscareerquestions,2023-6,0.03956853143123885,50559
cscareerquestions,2023-7,0.036803224898442975,82938
cscareerquestions,2023-8,0.038465341499534345,80653
cscareerquestions,2023-9,0.037937750126443584,70812
cscareerquestions,2024-1,0.03569359408678343,73714
cscareerquestions,2024-2,0.035346557812571844,71073
cscareerquestions,2024-3,0.036469092214356916,76917
cscareerquestions,2024-4,0.036910481246293564,65334
cscareerquestions,2024-5,0.03354706846467286,70427
cscareerquestions,2024-6,0.03825130454007501,52812
cscareerquestions,2024-7,0.037190160013440804,53016
datascience,2023-10,0.04937603993232617,19919
datascience,2023-11,0.04736067621382534,13265
datascience,2023-12,0.04475075057787614,13937
datascience,2023-6,0.05286472917301391,19521
datascience,2023-7,0.05225436633688837,20325
datascience,2023-8,0.050334081797087746,21031
datascience,2023-9,0.05245256926725402,19410
datascience,2024-1,0.04773899350390458,14453
datascience,2024-2,0.04313879307464958,14467
datascience,2024-3,0.0457628909372603,13289
datascience,2024-4,0.04923316749693889,13490
datascience,2024-5,0.0434976033999373,11610
datascience,2024-6,0.04190810528521557,10698
datascience,2024-7,0.042674965512885306,10860
deeplearning,2023-10,0.06667868913422753,1966
deeplearning,2023-11,0.06526494896630668,1783
deeplearning,2023-12,0.052316555260974146,1953
deeplearning,2023-6,0.04921343684496071,1973
deeplearning,2023-7,0.048768313113083224,2107
deeplearning,2023-8,0.05239131745759743,3571
deeplearning,2023-9,0.060102667967611816,2296
deeplearning,2024-1,0.05207724351972369,1716
deeplearning,2024-2,0.049441560430214755,1879
deeplearning,2024-3,0.08445407071931071,2431
deeplearning,2024-4,0.056223186263621806,1941
deeplearning,2024-5,0.04552732713594849,2120
deeplearning,2024-6,0.077768675850777,4245
deeplearning,2024-7,0.04044178464446974,1916
futurescience,2023-8,0.0829998509125617,7
gadgets,2023-10,0.029005934054237233,25274
gadgets,2023-11,0.031410163200062444,20344
gadgets,2023-12,0.02793824766753144,22199
gadgets,2023-6,0.028901936631314167,26376
gadgets,2023-7,0.03349503115318287,17222
gadgets,2023-8,0.025309675864176696,22372
gadgets,2023-9,0.028284024665308855,36604
gadgets,2024-1,0.032937684751027076,26256
gadgets,2024-2,0.03067163265692735,18333
gadgets,2024-3,0.03125526092724118,23974
gadgets,2024-4,0.03279281362836682,25095
gadgets,2024-5,0.03272392066162695,23072
gadgets,2024-6,0.04287470918930435,15378
gadgets,2024-7,0.02838612788007208,16685
genai,2023-10,0.019372011394171402,24
genai,2023-11,0.08282876736231588,20
genai,2023-12,0.0,21
genai,2023-6,-0.009859029038488535,18
genai,2023-7,0.04121989081717127,41
genai,2023-8,0.032556084606494076,33
genai,2023-9,-0.002417205157384615,14
genai,2024-1,0.011962758090177618,11
genai,2024-2,0.008824052770488418,15
genai,2024-3,0.027651883549813357,14
genai,2024-4,0.027624516494852588,17
genai,2024-5,-0.05532209360762218,14
genai,2024-6,0.065568998359237,14
genai,2024-7,0.06826866173224759,14
learnjava,2023-10,0.05787858139156704,1728
learnjava,2023-11,0.06342149730975902,1452
learnjava,2023-12,0.05967108434826935,1538
learnjava,2023-6,0.05662163089530123,1152
learnjava,2023-7,0.05044866058143369,1565
learnjava,2023-8,0.05282445032611465,1579
learnjava,2023-9,0.058733912134821264,2055
learnjava,2024-1,0.0612865456417549,1768
learnjava,2024-2,0.054726464335745684,2500
learnjava,2024-3,0.0645618375844635,2014
learnjava,2024-4,0.06562003348879625,2019
learnjava,2024-5,0.06475410516034295,1830
learnjava,2024-6,0.06721833010251267,2233
learnjava,2024-7,0.058657964399449786,2776
learnprogramming,2023-10,0.04681541194859803,41447
learnprogramming,2023-11,0.04740022515677974,38497
learnprogramming,2023-12,0.05149524209117014,35398
learnprogramming,2023-6,0.056960690181591764,24489
learnprogramming,2023-7,0.053301283834153834,35815
learnprogramming,2023-8,0.05042526365691586,38962
learnprogramming,2023-9,0.052722874031312136,40798
learnprogramming,2024-1,0.04961561092083186,35188
learnprogramming,2024-2,0.04652870038586221,35108
learnprogramming,2024-3,0.04957006406716899,37178
learnprogramming,2024-4,0.04819131624294581,36091
learnprogramming,2024-5,0.05664713736972772,30037
learnprogramming,2024-6,0.05708186716112928,30928
learnprogramming,2024-7,0.05763430494687308,29613
learnpython,2023-10,0.028330295911231953,15909
learnpython,2023-11,0.02632540633801369,14711
learnpython,2023-12,0.030726537630950203,15056
learnpython,2023-6,0.025821650333780918,15323
learnpython,2023-7,0.02854795577996061,13736
learnpython,2023-8,0.025304740054125342,14810
learnpython,2023-9,0.024677582796477263,15344
learnpython,2024-1,0.026540366691369614,18436
learnpython,2024-2,0.028197938194423462,17880
learnpython,2024-3,0.026167392165759203,19975
learnpython,2024-4,0.027407405402199426,18467
learnpython,2024-5,0.034411009543268714,19999
learnpython,2024-6,0.033377105854821766,17319
learnpython,2024-7,0.03148997031787321,17559
physicsmemes,2023-10,0.02386578727873464,3974
physicsmemes,2023-11,0.025035924756610966,4564
physicsmemes,2023-12,0.023952806131160572,3581
physicsmemes,2023-6,0.024573990604734038,6331
physicsmemes,2023-7,0.026348429004699005,5449
physicsmemes,2023-8,0.027979065090649922,4891
physicsmemes,2023-9,0.025908218464664082,4249
physicsmemes,2024-1,0.021590599864588462,3812
physicsmemes,2024-2,0.02145508247160527,4889
physicsmemes,2024-3,0.02513016269790754,4502
physicsmemes,2024-4,0.025321292743956378,4370
physicsmemes,2024-5,0.0356699338695342,6093
physicsmemes,2024-6,0.025029052859424347,4155
physicsmemes,2024-7,0.024173100791653666,4818
programming,2023-10,0.03209652973470799,26894
programming,2023-11,0.03082508320790262,26793
programming,2023-12,0.030925082007495466,30009
programming,2023-6,0.027574255206935728,13269
programming,2023-7,0.0333699689063266,17629
programming,2023-8,0.033515285714111796,21294
programming,2023-9,0.027505437310219916,27233
programming,2024-1,0.03031920033697901,32164
programming,2024-2,0.02861985913807436,27554
programming,2024-3,0.025791522141271034,29320
programming,2024-4,0.02731274805703836,23890
programming,2024-5,0.028528247203499953,26501
programming,2024-6,0.02548304826961966,23277
programming,2024-7,0.023216269964940313,24849
robotics,2023-10,0.06952654075185957,3216
robotics,2023-11,0.07580992391693617,3129
robotics,2023-12,0.06431021120133251,2807
robotics,2023-6,0.06740158788699212,2454
robotics,2023-7,0.06688898421959726,2983
robotics,2023-8,0.07106145479427874,3247
robotics,2023-9,0.0699707576161967,3282
robotics,2024-1,0.06640370446018,4323
robotics,2024-2,0.07017012494063124,4169
robotics,2024-3,0.06365566793702639,4146
robotics,2024-4,0.06108076947854005,4073
robotics,2024-5,0.06056041869861976,4441
robotics,2024-6,0.06391689515380342,4045
robotics,2024-7,0.07013211295823636,4428
science,2023-10,0.023466561370265378,58138
science,2023-11,0.020925887612131457,51652
science,2023-12,0.023835018644655703,54202
science,2023-6,0.02193990914696928,36632
science,2023-7,0.022217894477083954,45226
science,2023-8,0.01976354123407232,55960
science,2023-9,0.023882375997967872,67019
science,2024-1,0.026442122038816008,59265
science,2024-2,0.022025831895074365,64700
science,2024-3,0.024249422084192406,71381
science,2024-4,0.021747506842495275,66942
science,2024-5,0.024413185045731766,64495
science,2024-6,0.023619544267366017,51847
science,2024-7,0.02290528633675903,59425
spaceflight,2023-10,0.03718921323203811,441
spaceflight,2023-11,0.02735209882659459,688
spaceflight,2023-12,0.036897734981651144,626
spaceflight,2023-6,0.03857811633721818,670
spaceflight,2023-7,0.037507244518502895,555
spaceflight,2023-8,0.027697299913243614,844
spaceflight,2023-9,0.03358238103371673,717
spaceflight,2024-1,0.03624467980145679,684
spaceflight,2024-2,0.03635436076168268,681
spaceflight,2024-3,0.033955699308681975,902
spaceflight,2024-4,0.048359896335722186,494
spaceflight,2024-5,0.034502322526932555,656
spaceflight,2024-6,0.03515711103913179,1038
spaceflight,2024-7,0.022181843092229148,999
tech,2023-10,0.036465242286688355,5875
tech,2023-11,0.030348053268727856,5709
tech,2023-12,0.03672282040769237,5245
tech,2023-6,0.029458714439654275,6339
tech,2023-7,0.03189926008586098,6100
tech,2023-8,0.032612045557657794,4771
tech,2023-9,0.034387656484179394,5870
tech,2024-1,0.03088256052079444,4867
tech,2024-2,0.03252550236928799,5018
tech,2024-3,0.03718100524108366,5347
tech,2024-4,0.031317137246993365,7103
tech,2024-5,0.03272789380533331,6532
tech,2024-6,0.036403782916337724,5230
tech,2024-7,0.03325390380124831,6188
technews,2023-10,0.02346037042282247,14735
technews,2023-11,0.026012513659146606,11951
technews,2023-12,0.021059492258523303,12138
technews,2023-6,0.026833300348556965,13279
technews,2023-7,0.024352250073124526,18238
technews,2023-8,0.025851339059446785,13499
technews,2023-9,0.024670133797594522,12302
technews,2024-1,0.024718836807600935,15878
technews,2024-2,0.022346295602124342,16250
technews,2024-3,0.019110978739131933,20197
technews,2024-4,0.018934935546179744,18285
technews,2024-5,0.02504549113222344,19694
technews,2024-6,0.024670917176949737,16923
technews,2024-7,0.019100877516047988,15482
technology,2023-10,0.021997438856865763,208260
technology,2023-11,0.022992997067626284,210779
technology,2023-12,0.021801751428649496,195989
technology,2023-6,0.026940530075833646,265249
technology,2023-7,0.02177572166403328,179050
technology,2023-8,0.02200773292433964,188024
technology,2023-9,0.024064138204339426,203746
technology,2024-1,0.021308167641383692,219718
technology,2024-2,0.021955577290968163,218645
technology,2024-3,0.01745827182916095,251661
technology,2024-4,0.020832153038839493,243305
technology,2024-5,0.02297821140692981,273862
technology,2024-6,0.022904279957441754,217231
technology,2024-7,0.020021285783321567,220124
webdev,2023-10,0.049778855298752145,42316
webdev,2023-11,0.04915208422066534,40463
webdev,2023-12,0.049230085146472743,35691
webdev,2023-6,0.050988737737457566,31222
webdev,2023-7,0.055666254739349295,32973
webdev,2023-8,0.049736016577174504,40182
webdev,2023-9,0.048029782931747436,42486
webdev,2024-1,0.04652472624644016,38301
webdev,2024-2,0.04549402820921646,42631
webdev,2024-3,0.045796887363798264,45043
webdev,2024-4,0.04607392700404535,42698
webdev,2024-5,0.046063812174488315,43557
webdev,2024-6,0.043302469939719854,44559
webdev,2024-7,0.046873822751767755,42968
