subreddit,month,posts,comments,total_activity
ArtificialInteligence,2023-06-01,1900,11962,13862
ArtificialInteligence,2023-07-01,1829,12078,13907
ArtificialInteligence,2023-08-01,1759,9922,11681
ArtificialInteligence,2023-09-01,1575,8569,10144
ArtificialInteligence,2023-10-01,1529,7750,9279
ArtificialInteligence,2023-11-01,1725,10476,12201
ArtificialInteligence,2023-12-01,1785,10257,12042
ArtificialInteligence,2024-01-01,1906,12915,14821
ArtificialInteligence,2024-02-01,2013,15568,17581
ArtificialInteligence,2024-03-01,2540,18636,21176
ArtificialInteligence,2024-04-01,2261,16178,18439
ArtificialInteligence,2024-05-01,2323,22830,25153
ArtificialInteligence,2024-06-01,2338,19012,21350
ArtificialInteligence,2024-07-01,2063,16755,18818
ChatGPT,2023-06-01,11357,139633,150990
ChatGPT,2023-07-01,10597,142224,152821
ChatGPT,2023-08-01,10431,131996,142427
ChatGPT,2023-09-01,8214,84685,92899
ChatGPT,2023-10-01,11372,117775,129147
ChatGPT,2023-11-01,14274,147719,161993
ChatGPT,2023-12-01,10358,121019,131377
ChatGPT,2024-01-01,10473,130747,141220
ChatGPT,2024-02-01,9648,131956,141604
ChatGPT,2024-03-01,10342,141373,151715
ChatGPT,2024-04-01,9516,122250,131766
ChatGPT,2024-05-01,11072,127148,138220
ChatGPT,2024-06-01,9654,119432,129086
ChatGPT,2024-07-01,8262,88538,96800
Futurology,2023-06-01,934,43211,44145
Futurology,2023-07-01,1023,48580,49603
Futurology,2023-08-01,1063,45531,46594
Futurology,2023-09-01,1284,55357,56641
Futurology,2023-10-01,1358,63748,65106
Futurology,2023-11-01,1080,64821,65901
Futurology,2023-12-01,1099,72439,73538
Futurology,2024-01-01,1136,81186,82322
Futurology,2024-02-01,1157,78545,79702
Futurology,2024-03-01,1199,69300,70499
Futurology,2024-04-01,1093,65328,66421
Futurology,2024-05-01,1108,71111,72219
Futurology,2024-06-01,1085,69990,71075
Futurology,2024-07-01,1212,66753,67965
MachineLearning,2023-06-01,1455,5126,6581
MachineLearning,2023-07-01,2272,7514,9786
MachineLearning,2023-08-01,2517,9080,11597
MachineLearning,2023-09-01,2709,10336,13045
MachineLearning,2023-10-01,2409,9894,12303
MachineLearning,2023-11-01,2369,11064,13433
MachineLearning,2023-12-01,2510,11798,14308
MachineLearning,2024-01-01,2893,14680,17573
MachineLearning,2024-02-01,2984,13465,16449
MachineLearning,2024-03-01,3307,13787,17094
MachineLearning,2024-04-01,3289,13509,16798
MachineLearning,2024-05-01,2847,10020,12867
MachineLearning,2024-06-01,2795,8792,11587
MachineLearning,2024-07-01,2736,7535,10271
OpenAI,2023-06-01,931,6742,7673
OpenAI,2023-07-01,486,2189,2675
OpenAI,2023-08-01,1054,7143,8197
OpenAI,2023-09-01,1078,8616,9694
OpenAI,2023-10-01,1982,17517,19499
OpenAI,2023-11-01,3519,44181,47700
OpenAI,2023-12-01,2060,29988,32048
OpenAI,2024-01-01,2038,24415,26453
OpenAI,2024-02-01,2099,34398,36497
OpenAI,2024-03-01,2116,38140,40256
OpenAI,2024-04-01,1794,27332,29126
OpenAI,2024-05-01,2747,44991,47738
OpenAI,2024-06-01,2005,32003,34008
OpenAI,2024-07-01,1591,19290,20881
technews,2023-06-01,917,13389,14306
technews,2023-07-01,1364,17954,19318
technews,2023-08-01,810,13457,14267
technews,2023-09-01,659,12395,13054
technews,2023-10-01,573,15015,15588
technews,2023-11-01,590,12143,12733
technews,2023-12-01,481,12478,12959
technews,2024-01-01,603,16142,16745
technews,2024-02-01,624,16522,17146
technews,2024-03-01,753,20789,21542
technews,2024-04-01,595,18864,19459
technews,2024-05-01,673,20233,20906
technews,2024-06-01,580,17434,18014
technews,2024-07-01,646,15079,15725
technology,2023-06-01,4051,302121,306172
technology,2023-07-01,4029,186610,190639
technology,2023-08-01,4041,192512,196553
technology,2023-09-01,3794,209727,213521
technology,2023-10-01,4013,213872,217885
technology,2023-11-01,3826,216863,220689
technology,2023-12-01,3694,201337,205031
technology,2024-01-01,3869,225004,228873
technology,2024-02-01,4054,224141,228195
technology,2024-03-01,4253,258773,263026
technology,2024-04-01,4171,249665,253836
technology,2024-05-01,4010,281255,285265
technology,2024-06-01,3533,222383,225916
technology,2024-07-01,3487,216195,219682
