subreddit,month,gini_comments,gini_scores
ArtificialInteligence,2023-06-01,0.7407661457837578,0.7834223482533551
ArtificialInteligence,2023-07-01,0.7410977581887941,0.6081726253212747
ArtificialInteligence,2023-08-01,0.7261755327921424,0.011692675230436267
ArtificialInteligence,2023-09-01,0.7252598616391603,0.0019023446942230127
ArtificialInteligence,2023-10-01,0.7059810045349535,0.08430507104027885
ArtificialInteligence,2023-11-01,0.7357189413227814,0.7185794503907772
ArtificialInteligence,2023-12-01,0.7110999101193216,0.7279044030519577
ArtificialInteligence,2024-01-01,0.7425320335221064,0.7229458572516101
ArtificialInteligence,2024-02-01,0.7743759635149023,0.7347555214566728
ArtificialInteligence,2024-03-01,0.7665239054399742,0.7134448983289727
ArtificialInteligence,2024-04-01,0.7547458547428954,0.7946981581656503
ArtificialInteligence,2024-05-01,0.7730371448326292,0.8471752295099482
ArtificialInteligence,2024-06-01,0.7473189732964707,0.7593398234872724
ArtificialInteligence,2024-07-01,0.7454554103128808,0.7960249320868735
ChatGPT,2023-06-01,0.8412835924404094,0.9812081877796532
ChatGPT,2023-07-01,0.8477272867732277,0.964723831906831
ChatGPT,2023-08-01,0.8425402850243908,0.009486280655046864
ChatGPT,2023-09-01,0.7954883281303362,0.001823869915474452
ChatGPT,2023-10-01,0.7950092768255148,0.6107093230284903
ChatGPT,2023-11-01,0.7967187795575725,0.9487864782522508
ChatGPT,2023-12-01,0.8110706730145991,0.9618453743326274
ChatGPT,2024-01-01,0.8352407923737342,0.9684919905041138
ChatGPT,2024-02-01,0.8486420102627468,0.967915957994889
ChatGPT,2024-03-01,0.8487287635766407,0.9685272987478906
ChatGPT,2024-04-01,0.840906355680834,0.9714966481258367
ChatGPT,2024-05-01,0.811459315864262,0.9520831064041566
ChatGPT,2024-06-01,0.818928272082567,0.9548374728167495
ChatGPT,2024-07-01,0.8142644317564292,0.9610769681872462
MachineLearning,2023-06-01,0.6792452388710053,0.8938960468234929
MachineLearning,2023-07-01,0.626474316500452,0.6090124085286859
MachineLearning,2023-08-01,0.6615137428718143,0.0023796894890055764
MachineLearning,2023-09-01,0.6804162298985073,0.0
MachineLearning,2023-10-01,0.6804818973875488,0.2224521100800514
MachineLearning,2023-11-01,0.7204763370286242,0.8149711551990995
MachineLearning,2023-12-01,0.7042474405545738,0.8432783754511255
MachineLearning,2024-01-01,0.7342005503912588,0.7815765073123389
MachineLearning,2024-02-01,0.7016594368672573,0.8065565628846296
MachineLearning,2024-03-01,0.7121019976799561,0.8146904977447409
MachineLearning,2024-04-01,0.7238469398528189,0.8350444455959591
MachineLearning,2024-05-01,0.6778952539281482,0.8162185011942953
MachineLearning,2024-06-01,0.6700712421501074,0.7417537914009658
MachineLearning,2024-07-01,0.6454694477839893,0.7145423781163771
OpenAI,2023-06-01,0.7567733490481328,0.9057171071054841
OpenAI,2023-07-01,0.6175953542103665,0.08815958815958824
OpenAI,2023-08-01,0.7198430102114186,0.002840903981222498
OpenAI,2023-09-01,0.7187077358507465,0.0009259243338417544
OpenAI,2023-10-01,0.7471193050228448,0.3390370285329105
OpenAI,2023-11-01,0.800485166425114,0.895777227605828
OpenAI,2023-12-01,0.7951562104459298,0.9109318469281833
OpenAI,2024-01-01,0.7815780175583233,0.8786924304589923
OpenAI,2024-02-01,0.7973006815276371,0.9314950662485268
OpenAI,2024-03-01,0.8127532647573665,0.9188492434669211
OpenAI,2024-04-01,0.7924541877481259,0.919333891600778
OpenAI,2024-05-01,0.7916187544302751,0.9062508725165785
OpenAI,2024-06-01,0.7811062757911491,0.9057709937058873
OpenAI,2024-07-01,0.7657109690669484,0.9062741516716049
datascience,2023-06-01,0.7454006193816141,0.8979830256275869
datascience,2023-07-01,0.7351346994816768,0.7298294861851164
datascience,2023-08-01,0.7327144518596906,0.004910850512667153
datascience,2023-09-01,0.7293032108122062,0.0016157968347014773
datascience,2023-10-01,0.757789935689472,0.3575414277155371
datascience,2023-11-01,0.7812491936713464,0.8433677761516212
datascience,2023-12-01,0.8000106782567098,0.8345212180792547
datascience,2024-01-01,0.7840877024163979,0.8409114166071983
datascience,2024-02-01,0.7904655231060791,0.8522398739353807
datascience,2024-03-01,0.779412221995119,0.8554470648049066
datascience,2024-04-01,0.779232620573926,0.8281842990460571
datascience,2024-05-01,0.7883199339520075,0.8694570356898796
datascience,2024-06-01,0.7786340252980692,0.8327180769226274
datascience,2024-07-01,0.75920564133233,0.8440438666824568
technology,2023-06-01,0.9323069053732067,0.970986875334054
technology,2023-07-01,0.9026455373934286,0.9762381452828799
technology,2023-08-01,0.9053761259144739,0.023913853025827603
technology,2023-09-01,0.8998137603203071,0.002893903078842186
technology,2023-10-01,0.8860182543658193,0.9776896666026635
technology,2023-11-01,0.8928775594438749,0.9353660557138876
technology,2023-12-01,0.8810997546176929,0.9246773924087284
technology,2024-01-01,0.8902667174553507,0.9415987595953246
technology,2024-02-01,0.882462794592888,0.925067580521485
technology,2024-03-01,0.8907111337404008,0.9357403064196808
technology,2024-04-01,0.8830284953612788,0.9352061350905467
technology,2024-05-01,0.879373315713744,0.9343505741386382
technology,2024-06-01,0.8687986079720724,0.9256795900209513
technology,2024-07-01,0.8699201086654123,0.9250905917748622
