month,subreddit,avg_sentiment
2023-06-01,technology,-0.0008407622711869865
2023-06-01,ArtificialInteligence,0.02154283966213052
2023-06-01,Futurology,0.012948927468569236
2023-06-01,ChatGPT,-0.003363124769670397
2023-06-01,OpenAI,0.014521624661514763
2023-07-01,ArtificialInteligence,-0.0130060429808054
2023-07-01,technology,-0.003763371907522967
2023-07-01,Futurology,-0.0017676275912525366
2023-07-01,ChatGPT,-0.01427785947723155
2023-07-01,OpenAI,0.004523072957434656
2023-08-01,Futurology,-0.008600156765277818
2023-08-01,technology,-0.00843907811771865
2023-08-01,OpenAI,-0.05219163436916857
2023-08-01,ArtificialInteligence,0.0007437477979709514
2023-08-01,ChatGPT,-0.006585127813671235
2023-09-01,ArtificialInteligence,-0.010053490608340914
2023-09-01,technology,-0.003080864304583887
2023-09-01,Futurology,0.0013856194155906234
2023-09-01,OpenAI,-0.016082172187389446
2023-09-01,ChatGPT,0.008651365347464041
2023-10-01,Futurology,-0.016750897065873696
2023-10-01,technology,0.002371859062283027
2023-10-01,ChatGPT,-0.0025165437804572396
2023-10-01,ArtificialInteligence,0.02300855426553309
2023-10-01,OpenAI,-0.023488930832781415
2023-11-01,technology,0.0026916818720028384
2023-11-01,ChatGPT,0.000729239830906582
2023-11-01,ArtificialInteligence,-0.0064252478837065145
2023-11-01,Futurology,-0.019934897736374888
2023-11-01,OpenAI,-0.0072467539438583195
2023-12-01,ArtificialInteligence,-0.022738969199001674
2023-12-01,technology,0.0031251563038600743
2023-12-01,OpenAI,-0.03148285904116909
2023-12-01,Futurology,-0.010102346067553091
2023-12-01,ChatGPT,-0.007295689388555355
2024-01-01,OpenAI,0.012828858186133626
2024-01-01,ChatGPT,0.00824316707974027
2024-01-01,Futurology,0.004458520559159778
2024-01-01,technology,-0.001090324498151249
2024-01-01,ArtificialInteligence,0.027141463915857394
2024-02-01,ArtificialInteligence,0.04226289302184234
2024-02-01,ChatGPT,0.004436413820798187
2024-02-01,OpenAI,0.004852385806639126
2024-02-01,technology,-0.0030278754936511514
2024-02-01,Futurology,0.005502833988870832
2024-03-01,Futurology,-0.0017422818400082756
2024-03-01,technology,0.0017173871083883262
2024-03-01,ArtificialInteligence,0.015449102696052125
2024-03-01,ChatGPT,0.00831948197738995
2024-03-01,OpenAI,0.022192035884988536
2024-03-01,AIethics,0.003629195594604173
2024-04-01,Futurology,0.000538641611511166
2024-04-01,ChatGPT,-0.00590028064666894
2024-04-01,ArtificialInteligence,0.0019631278049946277
2024-04-01,OpenAI,0.011981034977516196
2024-04-01,technology,0.0031286549928468054
2024-05-01,technology,0.00029834250731252033
2024-05-01,ArtificialInteligence,-0.0176397008683961
2024-05-01,ChatGPT,0.003166488029218776
2024-05-01,OpenAI,0.023410645450929586
2024-05-01,Futurology,-0.0013940979774742423
2024-06-01,Futurology,-0.01051064588193384
2024-06-01,ChatGPT,-0.0028355154829039367
2024-06-01,technology,0.010541514260016352
2024-06-01,ArtificialInteligence,-0.02449523500100804
2024-06-01,OpenAI,0.03384299360927201
2024-07-01,ChatGPT,-0.003757679860831617
2024-07-01,ArtificialInteligence,0.003718188674314909
2024-07-01,technology,-0.008704180963669568
2024-07-01,Futurology,0.0003147468360950557
2024-07-01,OpenAI,0.008928982020544134
