subreddit,num_comments,avg_comment_score,num_submissions,avg_submission_score,total_rows
AI_Agents,1270,1.2771653543307087,594,2.0286195286195285,1864
AIethics,45,1.0444444444444445,7,0.8571428571428571,52
ArtificialInteligence,193665,2.0135904784034286,27614,3.8919026580719924,221279
Astronomy,114814,5.744717543156758,13305,41.608793686583994,128119
ChatGPT,1748893,6.564206615270345,145862,51.25798357351469,1894755
ComputerEngineering,14360,2.661490250696379,2563,4.098712446351931,16923
DataScienceMemes,44,1.0681818181818181,86,3.127906976744186,130
EarthScience,829,1.9179734620024125,351,2.9344729344729346,1180
ElectricalEngineering,214790,4.132976395549141,22407,8.27620832775472,237197
Entrepreneur,755790,2.4772899879596184,86534,4.859373194351353,842324
EnvironmentalScience,11,1.0,0,0.0,11
Futurism,7000,1.429,1042,8.63147792706334,8042
Futurology,898463,6.395128124363496,15884,176.51246537396122,914347
Innovation,392,1.1683673469387754,4995,1.0610610610610611,5387
LLM,349,1.1375358166189111,89,0.5617977528089888,438
MLQuestions,7726,1.4702303908879109,3094,1.6486748545572074,10820
MachineLearning,146901,3.8979857182728503,37191,4.729181791293593,184092
MaterialsScience,2075,1.9021686746987951,589,2.558573853989813,2664
MechanicalEngineering,142210,4.528043034948316,10692,8.584175084175085,152902
OpenAI,337768,4.450841998057839,25574,24.268475795730037,363342
Physics,166907,5.138022970875997,16552,11.204265345577573,183459
Python,100149,3.8932290886578995,18323,6.637395622987502,118472
QuantumComputing,11155,1.8641864634692962,1786,4.20996640537514,12941
QuantumPhysics,11850,1.8129113924050633,1668,3.2440047961630696,13518
TechEntrepreneur,3,1.0,0,0.0,3
bigdata,864,1.2615740740740742,1255,1.5211155378486056,2119
coding,5564,2.2048885693745506,4081,2.0465572163685373,9645
computerscience,31181,3.7231968185754147,7504,3.89818763326226,38685
cscareerquestions,910865,5.916742876276945,64125,12.182315789473684,974990
datascience,193664,4.106710591539986,24717,6.360278350932557,218381
deeplearning,29739,1.8903460102895189,5534,3.626671485363209,35273
futurescience,0,0.0,7,1.0,7
gadgets,331981,8.062708408011302,6434,254.3838980416537,338415
genai,90,1.0444444444444445,182,1.7307692307692308,272
learnjava,23050,1.671583514099783,3392,2.90123820754717,26442
learnprogramming,452260,3.0415137310396676,50429,5.591861825536894,502689
learnpython,208024,2.1084201822866593,30948,2.720628150445909,238972
physicsmemes,62492,13.372303654867823,3764,242.28214665249735,66256
programming,325140,8.167887679153596,31396,20.06325646579182,356536
robotics,44127,2.407346975774469,7575,9.391551155115511,51702
science,1028744,9.878944615958877,22592,354.45759560906515,1051336
spaceflight,8408,2.907112274024738,1707,12.414176918570591,10115
tech,78069,4.071628943626791,6321,109.12434741338396,84390
technews,222603,5.017843425290764,9896,147.51879547291836,232499
technology,3210257,11.109350746684767,54991,337.5510356240112,3265248
webdev,516710,4.481492519982195,57369,8.473966776482072,574079
